sha256	relative_path
fab33a2703c6709ea052da0104cc73b5941defc999a3044bab8b9d1c766a0364	global.d.ts
f0ba6470a40d9de94c3f51ca98ad2cb0d82dee9add175c05009ab3a692aa8b11	jest.config.cjs
8b7da8e6f3d2c62370cd28bac2eb5b23644555d563a28b1e09dc559b7779d34a	package.json
6c64ee708d542e0da167dfff40f2389ad66ae0641ef553dbc29bce6229cb5bef	src/components/drawer/DrawerTabs.stories.tsx
3f2010df9bf198a66c99f173ef605805168e294e959ff37baf5973b05b386303	src/components/drawer/DrawerTabs.tsx
314084e8ff9ace52ff574dacdb95963c501256fc9ad4b83fa8a801a8b9c05523	src/components/drawer/DriverPanel.stories.tsx
2b6b5e79d082673743b377f5833866e7ea88a130b89c99e46f4ae7620fb00954	src/components/drawer/DriverPanel.tsx
5baedfb100da492a25c10d6e63d123fd6ef8fb95e6f1e27b120f7854792dc527	src/components/drawer/HudStrip.stories.tsx
446ea0b12db844d1e71da6924bba9ac964a0c6028f2594ed93cbde506526e2c6	src/components/drawer/HudStrip.tsx
b6c36dfe4a25f9e42801b7d3d7da8a2b042323e297ccbc15d76fcadfa9089877	src/components/drawer/PlayerOverview.stories.tsx
2546c2fdfef8e49ec9202ec9a3e58345263ac6caf150cb7e9c1b6a68b3d25e17	src/components/drawer/PlayerOverview.tsx
6c8337c1b497561cb58cdc0cb8bf002fcb8397552778a483d3c43a61afdbe101	src/components/drawer/StagecraftPanel.stories.tsx
1a4bb27dac1d8854b0e26f7b04e186e334dce395b3b25707767a506a1831094a	src/components/drawer/StagecraftPanel.tsx
771804b30baad245c0f47b9d3f57926c027ebd81b044e5f47f32f62480185f98	src/components/studio/FeedbackAlert.stories.tsx
932612bf2c91441f205c30c2860970a3a7abbcb7e00f63763ccd02f1a11e390e	src/components/studio/FeedbackAlert.tsx
bbf5ed13f2398db81e5deeee94d1a97d8f97586c3784e53def2aaab05655e8ed	src/components/studio/GraphPanel.stories.tsx
be243ad85003aeab69efe7dfdf572af5b584effc0c30ee34b06216399586ed99	src/components/studio/GraphPanel.tsx
a88ae70d76659543159234b033ec82721db08be6d652d54db795218c857ead7f	src/components/studio/graphPanelUtils.ts
9ceaef473113b20be6047c88ff298034add1d8fca316189aea075366c4cbd3ee	src/components/studio/HelpTooltip.stories.tsx
f21c2aa54a664109771e73753b00fbf04bfba38b886d2169d156289755061f11	src/components/studio/HelpTooltip.tsx
be2db49213c6b37afaf1492c757902adcf3901174a30e66889272ba9652dd8e7	src/components/studio/MultiSelect.stories.tsx
a5c83af5c9f882f00f4bec65492b08ea5cdd471bff297699403e846b7d332f4d	src/components/studio/MultiSelect.tsx
4a4e4e2bb0349adebcb1e56bd2148584d756eb2937f439b553f04d442642754d	src/components/studio/Toolbar.stories.tsx
3051a809d1a89db5a5ff81b83ea7556da969d2285e1d0a08cd28108d759e7e3a	src/components/studio/Toolbar.tsx
2d07d4dd901d029e6d3b5c9306498ea85ef383a14a41b404ae23621be6bbb567	src/constants/defaults.ts
c46bf8152e445373e989c13fca7f8e7dcde05e181dcfa7293e7100bdfd23fa01	src/constants/injectionRegistry.test.ts
a6ab3e217d068b8f8143d375c5a4d8fb0028262c8bdd62c8bd1b2441b1a76b15	src/constants/injectionRegistry.ts
5174470ca7a27189608c2cdc735563c2bd7ccc8bb14bd92eb3c11f5b99ef349c	src/copilot/authoring.test.ts
10eeac5335eb7281ce29c26ec9db67b11176b46214a312e188b6c0665646e1a0	src/copilot/authoring.ts
cc7d9ffd7f01793b34c17a86a115e0a2d86b3457800675d5d003a68c1680f9e6	src/copilot/index.ts
8be41b7f4622e930a349baca27643732fe825e763e5abbb009f027a3959a83b5	src/copilot/parse.test.ts
95c88838d3a1d4264503131e813edb0fb4b1abd61a09f3dcd241f9a9b7f849cc	src/copilot/parse.ts
311815201f1b0a74d0ff83dcec219fb65dda1cab9c9c4c604e0cff2e28582617	src/copilot/prompts.ts
113982a84411318b330e894bad735ff583fb959ee041ed38726dbfdf2fe46808	src/copilot/proposal.test.ts
e0da96a0cb6b27d3678f5f6230ce2b2925c353928eceba645ad540af555d6025	src/copilot/proposal.ts
5ea41b14c2684396ee48e279a5603b466fa4b0fe20942a43bb8d7a979c91f556	src/copilot/types.ts
e13e264806360b78bad42cce4a507c221db915d391058e3280ccabb716ab06f9	src/copilot/validate.test.ts
74b5ad19a038381d613c7ba50a40473743a7cce85ea826fa8a8b8a28abdde4e9	src/copilot/validate.ts
9f7f82bf09b3e03e099941546199a5f130c001697a0bfb6f240aed0b358919bf	src/engine/applyQueue.ts
775e2d35b9cbd5f5c2541c0393a2e6d7856d13e4d7e5101dc5b0283cf5c41b4b	src/engine/blackboard.ts
865e640fd6a32be97d040cafcb6b1dbd33d0556cdbb4c73b179a77c11b5e1329	src/engine/convergence.property.test.ts
d8ce8247c1027868381cbb65e5cabe2d9f4e541d5d88d377936ddae8fd737bb0	src/engine/convergence.ts
755221a2c27cfb17df89772a474e00f21155b679382c2c4aab723d46043838e7	src/engine/engine.test.ts
f10d79e959d7a377e3fbe111fa19078267af0333dc7a6dfab7274258b91efb2b	src/engine/engine.ts
7be8e6a846fcf5b8f932731de1928f9a20115506738c8d85fc468982cefce1e1	src/engine/exampleStory.test.ts
5737fe665865b6f7f7f409a57b1e05715e1ac1f7b9cd67ada86c2743e4a2c71f	src/engine/gates.ts
3e745e1557e997e99d70cd2d42291f7f47f486b1c543bda7069173f006f4efb5	src/engine/index.ts
8069d410556f87c71c0e2d204686bd93330e3a19d9cf5493df3a461df85fced4	src/engine/replay.ts
2972282d97b1b6a9445c6b10edf6f5040cb20d7deab93715c3e74466520462ba	src/engine/schema.ts
3cdc7aa55c33ac744591c293fd0f1b44b04c3b4811655484f349e95d18697c2e	src/engine/stagecraftFormat.test.ts
6a550a18a5d66d61b4e0a593a35ad29515f108e93a41a9fd92bc666cb257c88d	src/engine/storyDiff.test.ts
382911d5d1072723720fe531b0f4adf6b591d974d029b31a91bf1ccf0269440a	src/engine/storyDiff.ts
8a524059180b6f9ea7fb407170585295e11c5e432a1605caf1caabd142ff575e	src/engine/transitions.ts
29b3f89395b6ba713eb7e5358b139e346857c3ed8a78076206cf4ad7f71f9fe0	src/engine/validate.ts
0ee63b981deab5f9f4d7b2f8e5226c528d2f496dc7b325b09309212d1aae14dd	src/extraction/canonLite.ts
1ae948321e7ab66a534ab0f863bdb2b2b6cd95d0ab79383140d34ebfbc02bbcf	src/extraction/chatWindow.ts
3bb2c4af9083a2d08a9f3cb6adb04310a9b31e96017dccebbee5bdcb4d520679	src/extraction/client.test.ts
6e5862c6a6fd41b737da35e28c1644a3d81da9dab642c04052c89e85dbf6617e	src/extraction/client.ts
1f1263b0b6bd826b09bcce1bcf15af75e6722f1d7488c94670f828c8abb55770	src/extraction/contract.ts
f26e46c93a6a31516e58c7f0a0230fe16b8f72c6b01a1920c1ddb847584b0308	src/extraction/cues.test.ts
6dad440c79cceb84e68729e38fd8321ceead493b7b368c23ec76c0cf9ff1ce12	src/extraction/cues.ts
d384260df54886fb54ce405d626e7ba161f9c2d34255c318ce22fb5f989dbbe4	src/extraction/extraction.test.ts
ec7c5c7fb1d30b0799a8261bbbe28588ca51f22b023b3820ec382acd4fcf84ee	src/extraction/fixtureRun.ts
689c8c8467cd9c2eb1e2d3de70225110bf3ab2e659e94cc99282c825faede8d2	src/extraction/index.ts
d8756caf043d8dec58d26140d3952b2fe5b7346fb9fb2b9db8e4ead39d84707d	src/extraction/parse.test.ts
c3e3c399d82993185db9f7b3864f2e86802594c43e2c7dd7e26b664ae849b2ba	src/extraction/parse.ts
097ce93b3796cff5efb0b6934d01c6c2594f74de62bb014e50cedaddecaa6321	src/extraction/reconcile.test.ts
dfa5039529a304745293a89ec41d6a50c146bff3c53985a1b2698076e3bbc82d	src/extraction/reconcile.ts
3a837f6d81e9c08611519db17a3d06370eecdcfb852acc7d2343dded86b31d1b	src/extraction/scheduler.test.ts
624b867d0e27a887e61c8b55addeed1c939f448e4fd6b7222af38cf1dc1af036	src/extraction/scheduler.ts
d8a7cecd20eb083e6e01663f17567bef6ec8f31fac91fbeed78487eb1329543f	src/extraction/scope.ts
5ad92b2c1ab9f6c69d41a1c29cb95d7b85ee7b4add78348b5d0f7256dd048b6f	src/extraction/scopeExplain.test.ts
914aa8d918c17dad5555e88761a94e3dc40e044538c9acaa455b8b1020459b6c	src/extraction/sharedRead.ts
edd7cfc6878641a3543fb348dfc4661ec4bd7c556a74dd2f2d9b05ee5318e855	src/extraction/types.ts
3aeb6f5e78ca42a4a4c513cea657c02e20972b2a09336b9b35e65296aceec1f7	src/generation/convergence.test.ts
f804d2b13291a9517510c612d34a8251cf67c2ca70620b1b3f2aa6946680808b	src/generation/critic.ts
1228385abeea85ada8b7769cc40ee70459bb91fa285c66702c7b15fa537f293f	src/generation/delta.ts
f8dcc3c38d1c3e3dc3f1ad3a2f09f1affc99bb79cff7a4a96eea45cb596d5e8d	src/generation/generate.ts
f8b6f7c2c2188b80dbc14c5212c0bd2901218cd32d6275cd8482bf0d348d2812	src/generation/generation.test.ts
f1d38193c26e5b3a9c93d3a7d226a421f260db974b2d6eb4837a12646ed81f5e	src/generation/index.ts
75e51d3a94f6ada561d3974f5b7f87d9511a560d5f0a24862abf7bfd043b3ddb	src/generation/latchGuard.test.ts
27f5f168da3e28e28aa978db882637f3d9d3ad2f92f0f32805283159cb6fc505	src/generation/merge.ts
a1fc43aa0fda36fd0030db16638755c909ff69649977c0ca0d0a0216d5133187	src/generation/parse.ts
d5ad782a9ce146b261dec5e834c4513fc81c6f26288df18acac5d875ab95f579	src/generation/planner.ts
16ae81b01ce895765524ff2711aed6c435001c799f8f198536fabcae66f782a9	src/generation/prompts.ts
825695573afacb007164599b7de80a78480770fda478027fdf91abb3105f73b5	src/generation/revalidate.ts
2ed44879ff997ec6759d38f1f6dc08a9cf26cb36685457bf3e7cb24c1cedc68b	src/generation/types.ts
03e9141abf3d8f695d2bd45d167ea929f2c380c447b920855d290594cc41343b	src/index.tsx
3ba62715f99a56cb3e834a6ea11caba75f5b07e2d9d3eba8c8c88a548b797474	src/memory/arcs.test.ts
e8710d0bb761bfa0371ba8979036214da0f120838364bb68559f5d872f894b12	src/memory/arcs.ts
38320a7024ef3dacfd8389805d27c4a0087440c2d758d0cda790dccf44214f75	src/memory/budget.test.ts
41a1d9b175f97fb77e4c75daf5928b237c9b14e6863664ea8144c95a0fe0d9ce	src/memory/budget.ts
ac9d1c4d8aee49834cf5f4b2afd4c573627eed96a95e11de2de3359a4e241cce	src/memory/canon.test.ts
fbe72a21c15ac5e76e4d1abb510840563c8d86d6cc0f656f48bdff079cfa4bf4	src/memory/canon.ts
990982c3e44a8d12d49e10c9e5c8300487da75ad639d4e95684ef7a642f891b3	src/memory/consolidate.test.ts
d20d713acf285d508b16c7df706e654cae84530b6a09fbd53ab71e24f5b8c18f	src/memory/consolidate.ts
5433340f271ba6f2f8481632a40efda29d9efb535ebee3d6c934b156f93c87b4	src/memory/contract.ts
c05cf08de127c3d382f758fd254c9a57df0c52971a27101253875b1638b75762	src/memory/epistemic.test.ts
d5b8bc160c5f68cfc6b438187f645dc63984698be4d2f014c7fa32625c02b404	src/memory/epistemic.ts
e71f12b52140529743fe88cd0d108800fd15906b91f943c5dc736a3a4fef4fc6	src/memory/index.ts
b9eaa39912734310748fdfbd52940755a12b508a11fdd62ce143aaf82dcf9598	src/memory/inject.test.ts
37ede78d945b451ad91b3e71cee63035cfb5e480bc1a6b53a7e1ad46f748ae5c	src/memory/inject.ts
fabd18d7cd73aedff40390a931c9ee13d2c6c380ddb50c56ef47c591bc7a89e2	src/memory/ledger.test.ts
737bbbfa41bb44327171b58bb86ff2ce546f3c1730d1929644ea636d05b39bc5	src/memory/ledger.ts
49e96c18c2a2f1700f297d743d62c23c1f447321b3f090aa978f0b28aa87198c	src/memory/longFixture.test.ts
251600899a652c690f738ee048c530fbd76c311ff022f8830c107d54b4736924	src/memory/parse.test.ts
47d2c8bbac1fdb60cbee88bc0ec92a4bb3c129ae8642f72bcf29a6db3495d3d4	src/memory/parse.ts
dd8eb7c89ba12b63ee354ad61572da385f5aec826fdd2edd7de70fae2240decc	src/memory/sceneDetect.test.ts
f5e620c142fb05b24038b1a15e7497a68a95030070cd13ec3fa23504f4d85185	src/memory/sceneDetect.ts
1156bc40eebb4479fa569e57eafa2d5c80d9a7f879e412d9172d61163e9f0352	src/memory/score.test.ts
408d2a70085ab13e992bd0b34a80bcc6bf35e4c418d81adc3b39ad7901085b55	src/memory/score.ts
9e187885fa4a4c17392a18383b3a29f92153f4d1340dc5c4258f316eab63d808	src/memory/similarity.ts
857b87553bcc26a53161d349fec93197cfca4a4c5d3400ceb97b4d33997514e1	src/memory/stores.test.ts
8e6a138afffdbea8f0e1cf03e3c32eccdf63021f8e88cbb20686ddd9a08175bf	src/memory/stores.ts
faecad4cf2c3de5d01f962070a3d75ebb72dd1a8658d0a2ce63737aabfc10aea	src/memory/supersede.test.ts
63c5d2c3fabb52c40f46760539501b45ea2003cc6c4be4fa22f794709f6469b4	src/memory/supersede.ts
fd43b8813677900d7633857582d25e05d7f8ad612d7389153b988f2cc9cbd736	src/memory/types.ts
c0eaef55348b069c3c37b1428b6a9aa3a9a5e93242ced2443f5c916628cd4c7f	src/pacing/index.ts
461ff6174635f7c6d7e19bb26d723861cca8c8f4699f7973f272070aa2e50f07	src/pacing/pacing.test.ts
79b064348a536fe90a2a6982e7eefd7e50d014ee92b1c6a676b5e1eaea20f3a1	src/pacing/shapes.ts
66b4e78cbc6744b6750998092b25409f3830af297585efc91f6c04bf1b22115d	src/pacing/steering.ts
b0a9b0a86ba163a5cc1c45f806cd86e5fcef0f02fe0fa794d090c119b6750402	src/pacing/tension.ts
32072431f1c7b1af3d0820849fa380e7e43a0b73ae8e3abf748cf68e8bbb6431	src/runtime/architecture.test.ts
d9dd96934f8155948a152453ab71c959ce4b3e72ae39676a2ab80865aaaad2fd	src/runtime/awayRecap.test.ts
15db57bbaf00c508166a6ca561cf4d7838063eec8b498719ac9cc99d51a14b8c	src/runtime/awayRecap.ts
5d84377308a95690cca68ea5e1db5dbe54103ed5ef8d706d0ea3a56fc1a39c29	src/runtime/blackboardMemo.ts
8414b1abf9b47bef29d5d29ba335ba85aa581658eae9e212451064eb7fafd992	src/runtime/boundaryWork.ts
782fccfc4995d5e9051d5b2bb5cd8add0814232dc10fabddf64ff43df459f503	src/runtime/coordinators/copilotCoordinator.ts
5a12f021585602baf8f074fa2946ae33b95c4b4c27089c28ea0c613ed47efed9	src/runtime/coordinators/expansionCoordinator.ts
1d2a36f05d807f396f819f4e34e4b385365b1d6c50ab6061991a0d5688ca23e4	src/runtime/coordinators/extractionCoordinator.ts
912fc3f6c7d6bbe8f39a9df2bbaf08f4804e5b886d2313f174c0b35771ca2a1d	src/runtime/coordinators/memoryCoordinator.ts
c02a818c271adc3316e13a84f0431c064a72d463ea7f2e28c7ff557250ef66e7	src/runtime/coordinators/pacingCoordinator.ts
5fa674b50c0a9eba51a358aa3cd956756a8501348b0b4e2019370b9a2fd24b1a	src/runtime/coordinators/stagecraftCoordinator.ts
ee0dc124ccde282afa697f733436cb6b0fde98ef453995a4a7da2bf34189324b	src/runtime/effectsApplier.test.ts
5e5167d14608f4da1418d26321e96233e21b6b641c27443e0d044215302cdf45	src/runtime/effectsApplier.ts
2ce7a8c644865280b0ad3faf5ed202d44138117e6200ac65f562f5f3ee19747d	src/runtime/extras.ts
ab6d8ed0af1fa494589f78ba7d2a7a9d878040b3ffcb4bc5419a30c9d73ed9a1	src/runtime/hash.ts
bf28fe9eab4b6d641f0586609df1e5be95b90cbe49c36e2d6b534bf7a13618e9	src/runtime/index.ts
2022d1d93b6e8984ebe4f32f96a69d73d5f1c35bbb483bc0971385853a7d038f	src/runtime/journal.test.ts
1cae1b2dc0eef621551b9fdf6be5787b2b030e86dfbf1134b864ccced4f23d28	src/runtime/journal.ts
5da24c4d01289e046da9ebf553c1be5bd8fa234ea6bf4064ae0b041acaf81afa	src/runtime/liveSuite.ts
76df2471cdee853bd2407a9212f911e7fe9f373e135dafc861c1c7cd6b729069	src/runtime/macros.test.ts
b57acd1ede34534527308c8545a63465ec8b284acf813727089f5e46e23386c9	src/runtime/macros.ts
e9d41d577af775b55307b2f2f073cd4d0933316cdf208a29ac3a70670020920b	src/runtime/memoryMirror.test.ts
91d870a0be6c6c5b26c5b7334da4d2867239b4dc22feb5232e61dec71741498d	src/runtime/memoryMirror.ts
793af3e7409cef9b46d996948930fafe6629d1301a049d48089fa506673cbe57	src/runtime/narrative.test.ts
985e7b1dedfcc8dad76e69dba1f51c01fa25b67913ce65bbc9cb0256b4657cd7	src/runtime/narrative.ts
369b0dfac08b18a9a0edb5382f731645f7dbfcaa24cc0dac8ff98876d3a6592d	src/runtime/persistence.ts
e178080d60dc4626003582dd4ba7b546dc0e3e768b43602adf30689079fb8fe1	src/runtime/persistenceMigration.test.ts
c9d1c9b7bd2ab782f09f1aec1c53226eb652bdc60629ab5ae9e14fd9b8d3100e	src/runtime/persistenceMigration.ts
26bd30f23116948189bce809c5f130ced662cd62ae2cab1f35ce36f63a674ff3	src/runtime/pipeline.test.ts
3ab06eb56101ff25e5358d7dd070aa37cac990802098a5ad86ef853e0907a898	src/runtime/pipeline.ts
37bfb9fcc911955b2a2a500f474b1a56ae8365a92cf6a181fd7106d60b6aa8e1	src/runtime/requirements.ts
d45d8fbb4fe3b8bdda796f1b35f3fa92bc1d70567ed41f9864e4122a467d57fa	src/runtime/roster.ts
e113500d3860f9848e29c7352d732ea4e7870dd256c69353e72b0b2fe4f18d01	src/runtime/runtimeManager.test.ts
a8fa684232a6656da34a0d93556ec93a6cdb043f645c6a98b1da25802e5b0ef1	src/runtime/runtimeManager.ts
5d5dabd416ef13219264d9ec5320bc605db6fb28b2f5ad020326d8abce3e478e	src/runtime/selfTest.test.ts
6dcc8c08e5adee99d5c9bcf2546a8aeb5d2030df8133dc77affe965b6310edd2	src/runtime/selfTest.ts
9478191fb7a929db2b732807415752d48b182ce05e9a22376c99215bbaf98e55	src/runtime/settingsStore.ts
af1f071ffa9435ad621694a7daf38a82155405587095884d4d449c9b472c1017	src/runtime/slashCommands.test.ts
d22d7fd0c6190921bfb3556ac5967bc79ab2fb6eee3768cbf056255d6fcb95f9	src/runtime/slashCommands.ts
0eb7782c51a89e3c013f4c6958089e8c9f32e416c58bf2b97411c6c621a52ac7	src/runtime/snapshot.ts
1754fcd052d70ff8c4f5580ebab5f09a12b0309f436185a5ef9e7a412d264b58	src/runtime/snapshotBuilder.ts
3cae7f31ecf04739c32f7e3c23067826528b591259d63369b08757cfda587f85	src/runtime/stagecraftCoordinator.test.ts
e4873796bf9afd5cb4ff1ec31924939fdb477a9e2e03fa21b00572e8bb0bd148	src/runtime/storyIdentity.test.ts
622b74da89a7ea934790098069c66394d583cfb9e8bc0785be871787cb4bf486	src/runtime/storyLibrary.ts
fcbd99ca04a5eaee6b27c2b8ed7453bb7553e2ba90e475e543df9386e4dbfd58	src/runtime/storySelection.ts
11110be0c3cdd6bf44de8f71843a7a31665945e576e6c4cfe12e8b96eeacbdbd	src/runtime/storyUpdate.test.ts
b1e3f44a2361182523f9342d6e4dad9ec099e6d810b25d272c98f9d255c688eb	src/runtime/storyUpdate.ts
c34e5de02d17b76ef93fb3d6fa05bdc6efefe7e9eba0780b752e22dbd1d83d90	src/runtime/talkControl.test.ts
bbfd5579122c9972fc79c22f99a65e7ee3546260d126dbcfc6cf5a04e54d2085	src/runtime/talkControl.ts
7c30c077823db18db8bf434158868e8323c7e5ee3f531e4a513e39f7dcac0993	src/runtime/turnBridge.test.ts
27c25d33a0bc92332ebeeb2d08a55b83adb09d764b2ba3715d79f79cbbe49cb7	src/runtime/turnBridge.ts
10603996cad6acf2c8da147c9086eed783aa27c12fa8d6420e9594edfa2429fb	src/runtime/types.ts
eb8b239806237722e73085ff5212b875ea3f20dd239187dcea1ece6cd85d92ea	src/runtime/values.ts
2a2795cc6c311d6225daeba8da5862f0372397e011cd556c5d4da281aed8d22b	src/runtime/wizardSessions.ts
dd344502c0db9062601b9c7fa197ca99e75b3b456b22ea016aa265c6813a7703	src/services/STAPI.ts
bfb8cb4e3f964d4827c835fceed2cf4081ede64952c83b5d9d99d15d6ee08389	src/services/stHost/authorNotes.test.ts
0db467c061002e1ee33f48dae46c8da730424a8d9e97e5af0f6265157bff6eb2	src/services/stHost/authorNotes.ts
a251e6c89b037cbdca3ed042548e2e865026d95271e50a9cf92996fefdd190ab	src/services/stHost/backgrounds.ts
d852816f671e2288a2de95ddf8ca199afb3b148364b0fd8af46be5579b682afb	src/services/stHost/characters.ts
96185858130457fcf2eb5ff63bb9d523c10dbb2d1c1b382cfa1c48d66d753d90	src/services/stHost/chatMessages.ts
f5bc8e03382542aefc12873dd0f829c22a19bc52a7d8acc3f48880d6502492be	src/services/stHost/connectionProfiles.ts
727e25ad08f73e51d2e44a2721a6da57a1ec8804f6073b242df3f19cf22229a4	src/services/stHost/context.ts
4455cc72bec21c7a85d71cbd28896a65e1de751bc72f1f5f4fb08b508a111fb9	src/services/stHost/drawers.ts
3715c8fc18b66b38121b9cab2fd14dd70d3791f6b48d9b3966b7d14ed5d99550	src/services/stHost/events.ts
a7866c30cb50975025f6789410ee7cc9e14989a8c2d186ecb745d911578951f4	src/services/stHost/extensionPrompts.test.ts
50bb99ba225fc4e76d869e1845d2a76aaaed1de836d3de5284bb625412d6ce5d	src/services/stHost/extensionPrompts.ts
150a11d05896adee1806a2e9efe1805f162e34f22ec0859408b96b1c988955da	src/services/stHost/generation.ts
d1f1556ddac0e7545075202ff722ffe3e8c8ed9ac7dda2c9c3c83106aaacbf7a	src/services/stHost/groups.ts
e0146411e094db5db36536fa1fd49a6b23d071faaa927659144d172d78fc1f13	src/services/stHost/hostTypes.ts
f92ff7111a1dc167609091b4d6632bf21b1f697ee91de1bdeb3756a959bd287c	src/services/stHost/modules.ts
62976daaa97e16fdfefb9c73777f274d6e09b523fee151895d7788aaf45e8015	src/services/stHost/popup.ts
80b0b3153ee7b2d4d5bcc9d81da21f1b12a90940e79bb7cfa60abced380b9373	src/services/stHost/presets.ts
66dc25aa7918e6e5aae32f3010658ad1249032b21671453d8cf614d7dfea59cc	src/services/stHost/promptInspector.ts
cc0e11d6ede61185346a454fe03e43297962201d4a38c90ccf260dfa9d373071	src/services/stHost/provisioning.ts
c7ed01589c4e96e03acdc7d278190853fca5abd8e0da72e343209491149e76ed	src/services/stHost/selectors.ts
73b6d74ac5e7d1f76f9125c29950f890243992c1d39c3577aa8665cc799b7a67	src/services/stHost/slashCommands.ts
89a813a14434e9f942cec53f5e88a402949662e01cd445b1002d0497842f2d4a	src/services/stHost/tokenizer.ts
4c2a5baa392acff4fbd0dbda8e794a4236e6869d7090dd1bfb581080097dcc67	src/services/stHost/vectors.ts
4ba68881acb2a8f8e5f190e164fab3c287489f1fa85a241bec2c86a6703a2349	src/services/stHost/worldInfo.test.ts
7db08654cf10caee166fc91c42cc8c27818f8df539b6d8b6e4609f16980d921d	src/services/stHost/worldInfo.ts
c4008dfb1158d1aa431fad4fd98c42d7e41fbbc92759ae98be013517ef9a778b	src/stagecraft/index.ts
652b0fa493bfddebed029d07c82120d3d36592afee2c0d64fee4d3cd8edc5e1a	src/stagecraft/parse.ts
0cd2b0d0950743f79d22ce38f6eeb9e8e40e4734183210215db8f2842330a8d1	src/stagecraft/prompt.ts
309ae7213831f170600e27f58c1db243d7c906e00bab6f9c2b0f09685f645754	src/stagecraft/proposal.ts
2b0d171f980a105d4f6bacad309eba6d248049b78098a2888b76e8089d6410d6	src/stagecraft/scope.ts
f053e63ceb7b1ed427a50d91fe5a5f9e7206710ca9a176a1feece4119d9c0524	src/stagecraft/stagecraft.test.ts
04dd5af92dbef84ca8d28b1c289ecb827ae376ea9c157969df9786986f98c8a3	src/stagecraft/types.ts
d047ff643cf52c3964ce3c45c51754d0f41a608ef26857c2f0dc10cdfdfe794a	src/studio/components/CheckpointEditor.stories.tsx
2ef6ffa170bf7d53fae0b31bd274992e5f30f2fba6f42c0dc1aa678e0d93bad9	src/studio/components/CheckpointEditor.tsx
ceaee1cfe7d4cace4e963d5cbafcd645e74e42cf468457ba80c2bbaa7ab62919	src/studio/components/DiagnosticsPanel.stories.tsx
94afcde6eeed9eadec40b50e99319f26bc45e4499c3a46f21e3239e6fa4801db	src/studio/components/DiagnosticsPanel.tsx
1488c6219886c5374aed0904566ea57c0c6dd39bc2ec80da1fc774d3eb107077	src/studio/components/EffectsEditor.tsx
bdbb9fb1427fcf4eba12f0b4572a34558bdf59ae2c10a40aaa7227004075e4d7	src/studio/components/GateBuilder.stories.tsx
887ccffd17b07b99d5b1d7d480b723f44d6666e64b577feee638d45abd91ba0a	src/studio/components/GateBuilder.tsx
45ae2894b5fb10e7548eb5f69c50197995c62e747615fa8dabc232f53f91d919	src/studio/components/PrimitiveValueInput.tsx
7198e65bb24d0a8c05c24bea4136266856c47573c202a797fa8e6f5927b47e2f	src/studio/components/ProposalReview.stories.tsx
2fe5460e601f9e9920625cd17139791e9b3570cd0675f950d182acf3f45d9edd	src/studio/components/ProposalReview.tsx
54805bf7ed5fed317a43bd8a52680a642eae568346846b8a8e37ff5479e9f897	src/studio/components/ProvisioningCard.stories.tsx
ba5ce25ea303735dcfb3fa4c37124491e4e0d4e4a79825c13d1b54cd9ef7029b	src/studio/components/ProvisioningCard.tsx
e4558c387f8c07f5c7412e6b89ed2eb76ae36c2cc718983526f65589abb4ea52	src/studio/components/QualityEditor.stories.tsx
f6c1ede293219f95a61f551500cf1b889aa94bcef40728c7372cdd9857a1c826	src/studio/components/QualityEditor.tsx
8ef56d5d9401b8550d9a9ba3a84d27f7feecbeec871e721cd8f7990f38587a13	src/studio/components/RosterEditor.stories.tsx
958f523d3035ca032e5db96dd0f2c36ff0c67261032ddb6bae231480034278bf	src/studio/components/RosterEditor.tsx
2cf291a20b8f8264ce6091553d557993a41b190477e3ad977fce66c14a164b8e	src/studio/components/ScopePreview.stories.tsx
2554be53967da217bdacb82ce66636f01b91966f7588c99f90cc7e10ba0fd9e2	src/studio/components/ScopePreview.tsx
a25c33b402659fa76c284129bf6bfa664de40ef06d563e50d488ffa708edac20	src/studio/components/SnapshotEditor.tsx
3add692aae093906351eebe701f79545c7c4bf93558b4f757f320eb948dd1d16	src/studio/components/StoryEditor.stories.tsx
7c96be1ffdcb74b813987f215e3d2725d916c845a505bdb1ac10052df3a28be9	src/studio/components/StoryEditor.tsx
709ae5481df0ded9a802b30bd9d5f0b4cf816e62c9e06b9dbd184703fd2dcdb0	src/studio/components/StudioCopilot.stories.tsx
676f065a36ace17e2e29b1551baf1b8a21c73d43c0006d830bc4c77e6137951a	src/studio/components/StudioCopilot.tsx
c2fd3c36e3ce6641f13f465addc0c7f4053a65cbb1297a007c4c8d255900ca07	src/studio/components/StudioGraph.stories.tsx
889c7bcbec8430d10be2a95e3f2eab3ae39a338bc18f7c4f4a097149f79c9cd7	src/studio/components/StudioGraph.tsx
4bf5ef55c6194801818c209f410c1ca1a88e6155e39de0899e8dbd195e43f830	src/studio/components/StudioToolbar.stories.tsx
45f1b45446f0149f3d6dac16f2303e0dca3190ae55ed0c2168f2999db7087c1c	src/studio/components/StudioToolbar.tsx
788b904ac11617bb4b16b2eb0e2adef4e9b8dd19c2b92a0bdad710473aa355ca	src/studio/components/TalkControlEditor.stories.tsx
288ffb2a37464509dbb5e74f369f3ed9b08a1d17109fe5d3a37beba1c2be3fee	src/studio/components/TalkControlEditor.tsx
395f98b75239086dfacd500d2d63ccb4c74589a04ac2b9e92df5f5b901758a49	src/studio/components/TransitionEditor.stories.tsx
db3f8d7831529127165cc7e9cdb59c6ed7561de3bfe13dea362c932f05bdeb32	src/studio/components/TransitionEditor.tsx
2172e1a63e350e08e9770de260a9c777cb58b1edecb48603bf52e913624e9ca9	src/studio/components/WizardQuestions.stories.tsx
534ac169e967cf0e51e823d99fa0515135eadb6e79dab26a06b05800f71573da	src/studio/components/WizardQuestions.tsx
92f9c64bb38c7aa0081e4a9f024e527a8efe33b0c818cc23e0f9382914b01480	src/studio/diagnostics.test.ts
a3ac970b526b8701839dae92c1a299b26cfe2c1adfe1194d5279f4da7fb59b24	src/studio/diagnostics.ts
d4e6565c7282dfc6469b66fb3bfe9a1eeb63708aef52d9af87043b7778ea90d1	src/studio/draft.test.ts
52881c70f7ba51f66c9a03cc0bd023da0965a69a8be0e31d15f03482a1f00e4b	src/studio/draft.ts
fd3021ddd09a9969b70859bf564518fe2b3b583455585c354e154821575a95de	src/studio/gateOptions.test.ts
7a4e080a3ffc9108e310772ef6dd5ad7b74c060f8422e9bea40b04ef846bf967	src/studio/gateOptions.ts
84cec1cc6e9889900cd5197d4029d3e46d7bd43b293feb02e5ce534545767f0f	src/studio/graphAdapter.test.ts
0e7202112803e24e889bdd06d453139cc4982741267bac8ba7fe3a3603e5ec1b	src/studio/graphAdapter.ts
b123830b106365709dbc675126e34f14af7e5cdd3c225333aa795f2db9796f6a	src/studio/io.test.ts
92b8865094e738219b61b1decf74639b8bbc88b3b436f5c9c9f5f87724b473fc	src/studio/io.ts
175c9f4a34b9cfd1614053f70fdbc90c77526eb1e5cbf936aadb95a5dbefe18c	src/studio/mutations.test.ts
0f00455c498de975f3500fcc168c63b7c2469d6fbb7f569fa659ff8fa1d0154a	src/studio/mutations.ts
e874fb11f5438b62f175dd938c57327881e4149c5fde4ce588cc101fdf40e305	src/studio/qualityUsage.test.ts
08f6fb85d976034fef07181dba0454d294d84b0e8b848aed746271d93c5612af	src/studio/qualityUsage.ts
7d5ad7bf50f832b241e2b4b6626f45759f074e1da9d46ac62f62f9b4e0171a38	src/studio/stories/fixtures.ts
6bda179b5a2b426b13ab5e02fe9c15a21788d903b446704fab8cf168799a754f	src/studio/StudioModal.stories.tsx
c81eb2422fb38204af2c993a9b7febdb847b357a8c9c34de4dae8e3b0738d1e1	src/studio/StudioModal.tsx
4e09b856bdabccc0cd0e402faa9b3d8c90b10eb953ac32620d058e917bc17def	src/styles.css
267b3ad31b7808a212fe8bd57e6342400ad10d36c9854d13237985c3f8088a9e	src/talk/index.ts
0e2d91703156a658ca4a274213d081f026b374f76fc2b97cc8cd756fab67f96b	src/talk/parse.ts
e2b24c985e71fc30a4732c3ea7add8249749099d1c32697f0ca4037877a25ee5	src/talk/prompt.ts
25320888755ccd8771c93bc7095254830c23e7803b8ef50dd9a77563bff078f8	src/talk/rules.ts
7ba4328a17da08ebada54fd018b659f86856b6013eaea63e2b08afa1524f454a	src/talk/talk.test.ts
4adf5bc97f93afce30cbebe3765f5ddac14c32f9a95c695cfaf596da11ce6938	src/talk/types.ts
a8eb1ba0057ba9265cc3d1ad94b7d8f05554a5ce83b7a77ac4f732cc9cdbfa93	src/types/cytoscape-dagre.d.ts
688babe8199c08a1a2cb2e3c782cb3563b103f9fa2946e7cfbeff64e95bd3eb0	src/utils/dataHelpers.ts
ecd277beae7cd5a8758cef90a030acea791af3c21f1b2544905b40435cc271c8	src/utils/event-source.ts
64a3c1c3f222094831fc6a6293be04949706c03b7887abd1dbeb20093e00a156	src/utils/string.ts
48c9c220d01bac7187eeb1b3063617d89b7eaf1e2870994f74a3cc2ad794dfe0	src/wizard/index.ts
9cd8d298852395d973a3551485550efd1f3546accb1747ee9f4c17e469d342d6	src/wizard/interview.ts
0bdce2d7487cbd4365bdcd8d401a3ba9a9574facd3a58b82728fde82f3169fe7	src/wizard/provisioning.test.ts
fd9fe2686f7f0880f594fcfe7acd7e5af585a3d23010cb6faa6b652c33554141	src/wizard/provisioning.ts
330f22c70ffc65c69c0868560b9f6a1a71ab7922e798a0072dba4375b07558bc	src/wizard/types.ts
ed14d4d65849fa009d42306a19c88366f26e7cece143d2a72797dca353e4659c	test/fixtures/background-generation.story.json
c12bbaed6b2db1a9f9c922b5d1984a1d16f809ccd74c4857cda8291e3e3dbe85	test/fixtures/branching.story.json
0046593b09b67d23044892c985a66f3abcf322a8f10f3bb0f9f1310b48a56f1f	test/fixtures/convergence-drift.story.json
ee282cbb56b8e2cb87b0ed9104c6602282d32d932eeda6e55cf70550575c1172	test/fixtures/convergence-refuse.story.json
79c6fcbee686b0c3bf0ef28178544d89cd3c6da97066bcb7bf594ea468d29694	test/fixtures/extractor.expected.json
137acee3baa9a4e7adf71c1ec392fef519f3c19db5737cc3c0fb037f36cc649d	test/fixtures/extractor.story.json
995cc74f989c6b1b775ee4cf7fe033dc00c94d5f6fd97d705007b7a2b536ca2c	test/fixtures/extractor.transcript.json
67774e2392b22211289bba4d8954c80b07a9f03fa4c36a66a1d736d6f388f35b	test/fixtures/extractor10.expected.json
dcecc92f683f20500a4e3ff6605e537a67872deb6567f61c1259740f19deee71	test/fixtures/extractor10.story.json
0fb3e3c37f1a87dee50fadc6dae49c690f4a23b9466ba256ae8a02fba6ffa059	test/fixtures/extractor10.transcript.json
e7dd31a0dce713d44b6f324c001578a9786b71887cef713c6a286289827dcd55	test/fixtures/extractor11.expected.json
3e21f0c73871f67677dc1dc0ac2c6313b9cc5ec452c920338c21d7bba9a5047e	test/fixtures/extractor11.story.json
92dba13189a9432289a9b92d04635478b91a32c3d05d13bb9f824b252c30b3c6	test/fixtures/extractor11.transcript.json
97d94d4f3a4c6042fc80b606c639c9d503c6080adfb91703198b3df82be7ac20	test/fixtures/extractor12.expected.json
a985d102238103f92f434c7a9dc0b4b8351b2f93bcd5fea17194c89036546573	test/fixtures/extractor12.story.json
72fd032a2b88c8b9a777190ef5848bf4e731ed5663175c534a4223562531545e	test/fixtures/extractor12.transcript.json
d8424cad18b57593fb7832ed8665657e5d4a5546bfa6ab0642ffe685b9b5f81d	test/fixtures/extractor13.expected.json
0cc39ead698391f5e475a979e5683ab4dcc743c5f4a91dc42467269e0d712ca0	test/fixtures/extractor13.story.json
916f02b373f1a750d965d491e4b4611c9be28e8a30a19f44625c135d6cf64178	test/fixtures/extractor13.transcript.json
b9f728705a02017d10219841478a98abe2915dd0f6b43aa005376ae0a6eec4c9	test/fixtures/extractor14.expected.json
99e9dd26501e34578970801fb01025ed1f5cf1149c8032072c7c1d2b3cef46db	test/fixtures/extractor14.story.json
48d53175b9cf023787e6b971d2a5d17aa2d96628771e72ecdf9f63c09687532b	test/fixtures/extractor14.transcript.json
6e902d88a7b94ac56742229c7f68a859cf8cdd01c25c40171ab2418dfc1a6cb6	test/fixtures/extractor15.expected.json
9cebcf2cd0dd5bd4119f7c5138c0fb8c508f8a98dfab5278afa65ec207089a6d	test/fixtures/extractor15.story.json
5187da44ea5d91a56c8b8abc8891e353fa727d57d39b4a6c30c2a963cfd3cbc9	test/fixtures/extractor15.transcript.json
5c1a20362c791916230997d3d272512f7dde708d43b271ad420bf789ce84939d	test/fixtures/extractor16.expected.json
58296d1b33dabbcaddf07d23a28eb9ff0f8ec3df55d8767c76e85f35e73c6674	test/fixtures/extractor16.story.json
c5cc6ee52a7fa502983d0b27c3a3ccd6ab64378def25ae1d28a22d7db59e0eb6	test/fixtures/extractor16.transcript.json
b31fb62070fc706504a78989841f32368a21db0f6740da9d1c4b23b11e42a4f1	test/fixtures/extractor17.expected.json
4e6dc06bebe5b7c217897abbd46083d9bdf4ec4c36d498f6aa7b4ca1b388d439	test/fixtures/extractor17.story.json
a8a76a10016b5c0c35f53f7168997661293c42dd9e8e9748e950c6d2359dae11	test/fixtures/extractor17.transcript.json
1715fbd02a01a61e37db1f17e6944b904872df98461fb609ce525f514a02a3d2	test/fixtures/extractor18.expected.json
c1e8f9ae5fb4ac1162595cbd15b625f6c65b3f31601d5cb261248471334b4b5e	test/fixtures/extractor18.story.json
d14a6f814e419bc88c96fc233f2b4d8b605def5ad666ec4999317cd2227c19e8	test/fixtures/extractor18.transcript.json
cc7c3e1995a14e0368677b13a1c84cf5e912528660dde6dc0c738e55705087c1	test/fixtures/extractor19.expected.json
0e14709b1f672f26f08f14dcec704e2d87bc0b551a8c487d36d7915e2839ba79	test/fixtures/extractor19.story.json
b8746abadad0a9d37ecb8be331f2d700a6c065b8499879fc06338b9c1ec7fa9f	test/fixtures/extractor19.transcript.json
e9b3c2328f2a298d896d6d948b4c34ecdfb627bfbfeb385e690b3d725725dabf	test/fixtures/extractor2.expected.json
8ba99c042e6a83d71078d1eff3e5236232d5cb206b548256f10cc7cfd3719b52	test/fixtures/extractor2.story.json
f14eb2534054b4776c785a03946d17f5bbd09cc8e1d6dc3e4864211992a2e1ca	test/fixtures/extractor2.transcript.json
432daa2eaa5a81ab0c5e5d5fac338e84f95e4001935f1d9617e58cc22fd3bd5b	test/fixtures/extractor20.expected.json
b92960741badae31861062dc600321fad95b32af3aeb935f9dcf4f6ad3a00f05	test/fixtures/extractor20.story.json
db0ef8a79d14f632e09a5f4f17aee99f19a41a20f2d6484f468d557680f2ba4b	test/fixtures/extractor20.transcript.json
67a2fa9df86e3a560ef9b7f96f4d3e8dbce9719c9a6f0c3fee283d58425c17a2	test/fixtures/extractor21.expected.json
47d54109ea26beba8685d21f746df593c8d12d989aa44e2475d0ef21b6fb877e	test/fixtures/extractor21.story.json
34acf142908c76104ffc29e3bbab98270f7d7bf8ecc48c3b2b33eb1a6761fd9a	test/fixtures/extractor21.transcript.json
a547a22c1816fdae3b766028cee476e39cb65e8465bac8c20c9792d55f683c9f	test/fixtures/extractor22.expected.json
1878f0dbdb705ca14647fa0df853912010f8b16b6c19320313f29053b9c0f6a3	test/fixtures/extractor22.story.json
a24415042ed5e21e44820d4d8576f7f2ae6fd878fe02f109e0307c76af91bb3b	test/fixtures/extractor22.transcript.json
190e84ba6a66789478f484b1f813b6fd8f976f6e03b2516ac0470591a43d4b64	test/fixtures/extractor3.expected.json
395a6a1f42fce29029c18198f3b59b38b9a8a9f123c5a77ffe077ad9800bd03a	test/fixtures/extractor3.story.json
5543dee964aac100aef5783aa3d3c7a2e125c79257dee41d7f7625ecfe69b12e	test/fixtures/extractor3.transcript.json
1d94d3e049103201e9d1d7421706ab6176311fa9e29136d2da61ed202a50d71a	test/fixtures/extractor4.expected.json
552db123cd51675e7764f867a4ba0afeb29db537a9cb2032ccc97e8cdff45b5e	test/fixtures/extractor4.story.json
3639e66401de98275cac08c78f9df80f5fbbe0be1be41e2cf67922fab7d8d4de	test/fixtures/extractor4.transcript.json
a33086b8a0aef122d7238d8d3e8763d6e04fd48ab02a2f19f50913de62211b2b	test/fixtures/extractor5.expected.json
0f9a6b6ab836c25efb3000ca08ffc3c4c18969f43ee14ff884fa61f29dbedb90	test/fixtures/extractor5.story.json
83bf9f89ea0b2c793aaa40d13563d549309dcfb7bdbae6cd13fbee020c3f4d95	test/fixtures/extractor5.transcript.json
e7b07c9915360ed1875cc99ed71ef4e0ba7374502a4dfdf30587cc24757096f2	test/fixtures/extractor6.expected.json
9717cc64697c0758aac2dde8037063067a57163cd229526d8c55006cf2aca3e1	test/fixtures/extractor6.story.json
bded02a438b81b128f903d4b2af82ca69be0c4fd2f4ac0586527c572bc1cbb9a	test/fixtures/extractor6.transcript.json
78d8c3cfb618f9fa01834bc481295658138449bf1360f8e0b7955958dd0e5047	test/fixtures/extractor7.expected.json
57adddfdb650a7b9766f12d17b15bcb7c7dcd1dcd793ad2a9e8d5f7b750acf7a	test/fixtures/extractor7.story.json
210c644ef7211d93bb0a402d3a26ebcda8ccf000245a2f7bafc4055ba191bb57	test/fixtures/extractor7.transcript.json
5a8b685190e6a73c23f8356249138f9604bdccbe1821165b81b391e7f0c8366f	test/fixtures/extractor8.expected.json
c763574490045c3e6c817a66f60c23974c94806030b8bbdf644d3e3de6957b03	test/fixtures/extractor8.story.json
42439be0f3cdf80ca2e9d2aed43a4fcc37c0e8674680c94a3d19a0d839afc976	test/fixtures/extractor8.transcript.json
4ee1393bf14ad620480b2cbe48dddda9778d1eebde687b66e6b613e15603227f	test/fixtures/extractor9.expected.json
d4841ab265905bbf0a46cc267862c593d092af126304097625bab61710556cd0	test/fixtures/extractor9.story.json
e534e41cea185665f38186c1ed5b5ae970138c340fcd4771eac9267559f43476	test/fixtures/extractor9.transcript.json
55743cc541ff28fafda4e8300386e2ec50835a41104003d3c46b1921bc916107	test/fixtures/legacy-v2-chat-blob.json
7b819e41d5e123440a2dcfd1d80fce4d5c7aff93027d6938b6958da859e05d65	test/fixtures/linear.story.json
b6ba392c17d20dfe82435091f9fcf4050cf201086083d6e708184f2cf02b49f7	test/fixtures/pacing.story.json
1aeb23d14b569894837e1af56b3338416db7e4240d2249941946d5dd8f3997b7	test/goldens/background-critic1.response.txt
2ce19dad1b75db63fec08d2b9313d485cca3e442b60edb6da86c99b331b6f261	test/goldens/background-generator1.response.txt
ab900c8adc401cc97a05e165594508fc0095f74ef6a679cbd95362462917f80c	test/goldens/background-generator2.response.txt
6e9df9a623416e5bb81e72825993e65c1f1838dbd9616e39fe8a8c4589768af0	test/goldens/background-generator3.response.txt
b49648fda9780799d775f24bed0fd58728386786a813e72912d400cbb548b220	test/goldens/background-generator4.response.txt
05b07471889e9e5e587765c6fd29211d1660a44cb859623c30f3d6b672d411a1	test/goldens/background-generator5.response.txt
29cfccf2fcfd75b4d9df5c4bfe6537de484d01114e43b7c51bac94ecb1b3f797	test/goldens/copilot-checkpoints.response.txt
ac86ed32fb0aeccc985826252c75104b0f4ffc59602e616609ca5398f64201f4	test/goldens/copilot-effects.response.txt
133cb81d80557f3f008dd4d241eb1a48bd12240478d16e7593a7e21d22e95399	test/goldens/copilot-invalid.response.txt
13e276407327ef601cf372f866ce4188333abfdf9633aad8ae636df7879fe339	test/goldens/copilot-qualities.response.txt
2c8afdb505b37a0091f31a70ef3b2845bda559903f9c712e96b0fdf910d1cd26	test/goldens/copilot-transitions.response.txt
e00f6bdc1c7858a1d698e6c185307d57717cb120b1d88c7159863d6e9ee27a06	test/goldens/extractor.response.txt
a5baed485e4984541bc5a3efde90d9fdf08e3b46681146bde3070077b8feb401	test/goldens/extractor10.response.txt
0d8e688fe4c3228f1f96c6e181dae649242b2148f46ab88f28878c6837b34b29	test/goldens/extractor11.response.txt
ac3159a6e3da5d74d8e1b2a5923aaaf1786a46e30ec818a7dfe259f3e055b29e	test/goldens/extractor12.response.txt
f96aa28199d62e2a1e86d93d8c559cdf00ba4bb014597057c78f75606a3ea9bf	test/goldens/extractor13.response.txt
58d0e820ae28624ad108141327f4ffb16b8e7a950cdfc51eed2764abb1560c72	test/goldens/extractor14.response.txt
3fb17340b749fcfe82f3f1fbbbdfee20120add30baebf7f89db64d1d6a9a2194	test/goldens/extractor15.response.txt
09c2d3dc7607706977bfec0c79aec192c612e0d7b46dcbbd8bc2dba0a2b36a07	test/goldens/extractor16.response.txt
5374700a99e825ab9a6951739fc8291e76ce0e9dee74e807509eb4569f66a2e6	test/goldens/extractor17.response.txt
cffc70b43e601672361da19363095a64cc467a4da09dd66ceef6635acc9c1788	test/goldens/extractor18.response.txt
4c96752cd0fef275da58fc6ff29b7ff8378478e0b12e44ee19c899f0b6e0dafe	test/goldens/extractor19.response.txt
8cbc15ec5692c85290249e6bec92496c8ba09b338f8820dc23e81d8eb4ae5957	test/goldens/extractor2.response.txt
9564cfa5a269a48f0a7546b519e64ee3169b71c6eb940f8d55f6fd97fc7e534c	test/goldens/extractor20.response.txt
af6d9162773368a7027b5db1cc03fa44542f4cedf24403ab1198d71928d1e13f	test/goldens/extractor21.response.txt
738ea51bfcd4a0db6b741f57f638b533f0fcf2af5ba75ebdc0b939f3f8ec50bf	test/goldens/extractor22.response.txt
cf6645481ae27fc5ce01f5cb9dfc88a66f27625167c2b783307407dde8004cc7	test/goldens/extractor3.response.txt
2c5b3b0d52846b2b6fd7fe6c6549ade189be7dd88f9cad9c703fb0f8f2cf606b	test/goldens/extractor4.response.txt
b4f2c0b83225d369a62febafba8dff0251ea02be112edc70a06ffda68d859941	test/goldens/extractor5.response.txt
b9bc628e75027cff18972e34e3b66e977ce3e41c36e3173f16128dd52c8ac725	test/goldens/extractor6.response.txt
067960de5ed66150799858694a597e4e0f65d284f569afdbd4fe61a18ab6a979	test/goldens/extractor7.response.txt
af579b0e865ac2d01c4c128d6a5f28eb79b49f715c9dc85fbc76e4babccf3c83	test/goldens/extractor8.response.txt
889566e77a9ef16a334b2743c7e19d0b47a9a90fc98bdcbce5ac024b014ba4d6	test/goldens/extractor9.response.txt
bb14d8a7e385176ff12fb6d8372a7dc67462b09a6ef94b573065daa743c30825	test/goldens/live/extractor.response.txt
4692e326d83bb9806aeb292f584e0804d3f368f557f7d493a7e6d164c2760df6	test/goldens/live/extractor10.response.txt
e025fd5b8df6126076389a71da8b965c91b60fda1aa62c7d87f1b54a96e07543	test/goldens/live/extractor11.response.txt
0fc3c6632541b293d288acaeb02524828eb9d50aaede4b2fd3692a888bd985d6	test/goldens/live/extractor12.response.txt
a4d86449fa7314820025070d0d39fbc069d4f8e98a027f01c17a63f49347b4be	test/goldens/live/extractor13.response.txt
09c2ef5a8af7c7a08107217178dcce00bf5b4cc29448047c95ed16fc4c063bfb	test/goldens/live/extractor14.response.txt
6757f084f4972db026c0d37f25c922a85e24cc2af36da2bf136099c699547386	test/goldens/live/extractor15.response.txt
48e8f43923333d6ef21366819c34b8060e78df006e1f21071fa64916394865f9	test/goldens/live/extractor16.response.txt
1a46eecf5aa7452bad39bf160df2920ca8851eec1a4aa7a9742b1443f25608d9	test/goldens/live/extractor17.response.txt
94923a3a973c83703be8492ffdae89251bf4384d4b5a972238d87b277b94c667	test/goldens/live/extractor18.response.txt
63de08b6788cdbaaabc377f3bdcdf34083aea6af8acd44f4329d847af348fb5c	test/goldens/live/extractor19.response.txt
fae31b0ac2a86d3ca354205b43da775c1736d78dd57485161967f73601eaab03	test/goldens/live/extractor2.response.txt
95b2bb1ccaf1b89bd639118cc02b0876c166b49c912783b4828dbcba8fded6e7	test/goldens/live/extractor20.response.txt
e6b4c77e6430af3963f6fbaa42dfdc6f6242509103299f58f872d51b2216f7b7	test/goldens/live/extractor21.response.txt
29d5ae3ca1c158c7b30e92b0b8e28fc51acd73e5ae37555ef8eae7fb98bece70	test/goldens/live/extractor22.response.txt
cb4db250125d3623dfed985f128a50781d3c51df322bab7c3842c14018a3bd66	test/goldens/live/extractor3.response.txt
65bf9aa0c869c0e18fc1721ca358ee58823a22c5694f0ded307a95b73e4274d8	test/goldens/live/extractor4.response.txt
3634fda0c6f982c477611d702846610bb175bdbabe1d63408ab79c92b1bdc35d	test/goldens/live/extractor5.response.txt
1781140e33607519c6bacd4b7423b4c5f0600b9784abc539b8749e12640e4096	test/goldens/live/extractor6.response.txt
cd46d588eb3758e0d733a33cee75341183f586f68cf3c98f111269b924e855f9	test/goldens/live/extractor7.response.txt
26af33c69e14aecac395f589d411f55572a40cd93da59ca3567dbe9465090822	test/goldens/live/extractor8.response.txt
41bda5b944c1ef1066a2432be26c31b91439a1d3bc9f1dc69d868a17ba759b16	test/goldens/live/extractor9.response.txt
f96aa28199d62e2a1e86d93d8c559cdf00ba4bb014597057c78f75606a3ea9bf	test/goldens/reconcile-cadence.response.txt
f5acb2273b7f918061f6ba3891c98fc08c9d48d9d46a1dd1ee218cdc69df2801	test/goldens/reconcile-targeted.response.txt
a70af2e7d7e57354044e18a405eb43919de6cba1cfaa1186c96f98c86d5cc917	tsconfig.jest.json
dda3e2e0af02440d4537bd956581397666c2cdc82c867823ca09c4db540adbbf	tsconfig.json
